Player	ML Team	Pos	OS Team	Fantrax URL	Lastest Round to Draft
Starling Marte	MIA/OAK	CF,OF	Baseball Furies	https://www.fantrax.com/newui/playerProfile.go?pId=01s9k	1
Dylan Bundy	LAA	SP	Baseball Furies	https://www.fantrax.com/newui/playerProfile.go?pId=0269b	1
Marcus Stroman	NYM	SP	Baseball Furies	https://www.fantrax.com/newui/playerProfile.go?pId=02hg4	2
Michael Brantley	HOU	OF	Baseball Furies	https://www.fantrax.com/newui/playerProfile.go?pId=01cil	2
Jake Cronenworth	SD	1B,2B,SS	Baseball Furies	https://www.fantrax.com/newui/playerProfile.go?pId=03qmh	3
Devin Williams	MIL	RP	Baseball Furies	https://www.fantrax.com/newui/playerProfile.go?pId=0311c	3
Drew Smyly	ATL	SP,RP	Baseball Furies	https://www.fantrax.com/newui/playerProfile.go?pId=025ej	4
Archie Bradley	PHI	RP	Baseball Furies	https://www.fantrax.com/newui/playerProfile.go?pId=0260z	4
Raimel Tapia	COL	OF	Baseball Furies	https://www.fantrax.com/newui/playerProfile.go?pId=032pz	5
Jon Gray	COL	SP	Baseball Furies	https://www.fantrax.com/newui/playerProfile.go?pId=02bxv	5
Paul DeJong	STL	SS	Baseball Furies	https://www.fantrax.com/newui/playerProfile.go?pId=03qkh	6
Matt Chapman	OAK	3B	Baseball Furies	https://www.fantrax.com/newui/playerProfile.go?pId=03d6s	7
Carlos Santana	KC	1B	Baseball Furies	https://www.fantrax.com/newui/playerProfile.go?pId=01cfr	7
Michael Wacha	TB	SP,RP	Baseball Furies	https://www.fantrax.com/newui/playerProfile.go?pId=02iug	8
Matt Barnes	BOS	RP	Baseball Furies	https://www.fantrax.com/newui/playerProfile.go?pId=0260w	9
Myles Straw	HOU/CLE	CF,OF	Baseball Furies	https://www.fantrax.com/newui/playerProfile.go?pId=03qqb	10
Nick Pivetta	BOS	SP,RP	Baseball Furies	https://www.fantrax.com/newui/playerProfile.go?pId=0316j	10
Tom Murphy	SEA	C	Baseball Furies	https://www.fantrax.com/newui/playerProfile.go?pId=02t8m	11
Avisail Garcia	MIL	CF,OF	Baseball Furies	https://www.fantrax.com/newui/playerProfile.go?pId=01urw	12
Emmanuel Clase	CLE	RP	Baseball Furies	https://www.fantrax.com/newui/playerProfile.go?pId=04ug5	17
Justin Dunn	SEA	SP	Baseball Furies	https://www.fantrax.com/newui/playerProfile.go?pId=041m4	17
Matt Carpenter	STL	1B,2B,3B	Baseball Furies	https://www.fantrax.com/newui/playerProfile.go?pId=021at	17
Daulton Varsho	ARI	C,CF,OF	Baseball Furies	https://www.fantrax.com/newui/playerProfile.go?pId=04efa	24
Cristian Pache	ATL	CF,OF	Baseball Furies	https://www.fantrax.com/newui/playerProfile.go?pId=03xlc	24
Max Scherzer	WSH/LAD	SP	Big Inning Corn Kings	https://www.fantrax.com/newui/playerProfile.go?pId=004ee	1
Freddie Freeman	ATL	1B	Big Inning Corn Kings	https://www.fantrax.com/newui/playerProfile.go?pId=01cgo	1
Manny Machado	SD	3B	Big Inning Corn Kings	https://www.fantrax.com/newui/playerProfile.go?pId=01svq	1
Frankie Montas	OAK	SP	Big Inning Corn Kings	https://www.fantrax.com/newui/playerProfile.go?pId=02yg3	2
Jose Altuve	HOU	2B	Big Inning Corn Kings	https://www.fantrax.com/newui/playerProfile.go?pId=024m0	2
Eduardo Rodriguez	BOS	SP	Big Inning Corn Kings	https://www.fantrax.com/newui/playerProfile.go?pId=029si	3
Gary Sanchez	NYY	C	Big Inning Corn Kings	https://www.fantrax.com/newui/playerProfile.go?pId=01t9q	3
Jorge Polanco	MIN	2B,SS	Big Inning Corn Kings	https://www.fantrax.com/newui/playerProfile.go?pId=02yd1	4
Jose Berrios	MIN/TOR	SP	Big Inning Corn Kings	https://www.fantrax.com/newui/playerProfile.go?pId=02mwk	5
Sean Manaea	OAK	SP	Big Inning Corn Kings	https://www.fantrax.com/newui/playerProfile.go?pId=02x0f	5
Tyler Glasnow	TB	SP	Big Inning Corn Kings	https://www.fantrax.com/newui/playerProfile.go?pId=02btx	6
German Marquez	COL	SP	Big Inning Corn Kings	https://www.fantrax.com/newui/playerProfile.go?pId=03amq	7
C.J. Cron	COL	1B	Big Inning Corn Kings	https://www.fantrax.com/newui/playerProfile.go?pId=02bq4	9
Tyler O'Neill	STL	OF	Big Inning Corn Kings	https://www.fantrax.com/newui/playerProfile.go?pId=02yk4	10
Brandon Lowe	TB	2B,OF	Big Inning Corn Kings	https://www.fantrax.com/newui/playerProfile.go?pId=03qjy	10
Giovanny Gallegos	STL	RP	Big Inning Corn Kings	https://www.fantrax.com/newui/playerProfile.go?pId=03mul	11
Nick Anderson	TB	RP	Big Inning Corn Kings	https://www.fantrax.com/newui/playerProfile.go?pId=04sxl	12
Mark Canha	OAK	CF,OF	Big Inning Corn Kings	https://www.fantrax.com/newui/playerProfile.go?pId=025eo	17
Tyler Stephenson	CIN	C,1B	Big Inning Corn Kings	https://www.fantrax.com/newui/playerProfile.go?pId=03pix	24
Michael Kopech	CHW	SP,RP	Big Inning Corn Kings	https://www.fantrax.com/newui/playerProfile.go?pId=03d6v	24
Nick Madrigal	CHW	2B	Big Inning Corn Kings	https://www.fantrax.com/newui/playerProfile.go?pId=03qu7	24
Jake Cousins	MIL	SP,RP	Big Inning Corn Kings	https://www.fantrax.com/newui/playerProfile.go?pId=04eru	24
Taylor Walls	TB	SS	Big Inning Corn Kings	https://www.fantrax.com/newui/playerProfile.go?pId=04bpj	24
Brusdar Graterol	LAD	RP	Big Inning Corn Kings	https://www.fantrax.com/newui/playerProfile.go?pId=03zbj	24
Ryan Weathers	SD	SP,RP	Big Inning Corn Kings	https://www.fantrax.com/newui/playerProfile.go?pId=04mnw	24
Jovani Moran	MIN	SP,RP	Big Inning Corn Kings	https://www.fantrax.com/newui/playerProfile.go?pId=03qmm	24
Cal Raleigh	SEA	C	Big Inning Corn Kings	https://www.fantrax.com/newui/playerProfile.go?pId=04my4	24
Charlie Blackmon	COL	OF	Clement St. Massive	https://www.fantrax.com/newui/playerProfile.go?pId=01sge	1
Robbie Ray	TOR	SP	Clement St. Massive	https://www.fantrax.com/newui/playerProfile.go?pId=025j1	2
AJ Pollock	LAD	CF,OF	Clement St. Massive	https://www.fantrax.com/newui/playerProfile.go?pId=01s8p	2
Austin Hays	BAL	CF,OF	Clement St. Massive	https://www.fantrax.com/newui/playerProfile.go?pId=041qs	2
Trey Mancini	BAL	1B,OF	Clement St. Massive	https://www.fantrax.com/newui/playerProfile.go?pId=031c4	3
Tim Anderson	CHW	SS	Clement St. Massive	https://www.fantrax.com/newui/playerProfile.go?pId=03110	5
Ryan Pressly	HOU	RP	Clement St. Massive	https://www.fantrax.com/newui/playerProfile.go?pId=02zif	5
Joey Votto	CIN	1B	Clement St. Massive	https://www.fantrax.com/newui/playerProfile.go?pId=00031	7
Whit Merrifield	KC	2B,CF,OF	Clement St. Massive	https://www.fantrax.com/newui/playerProfile.go?pId=02hjk	7
Adalberto Mondesi	KC	3B,SS	Clement St. Massive	https://www.fantrax.com/newui/playerProfile.go?pId=02i3g	9
Zach Eflin	PHI	SP	Clement St. Massive	https://www.fantrax.com/newui/playerProfile.go?pId=02mwq	10
Mike Soroka	ATL	SP	Clement St. Massive	https://www.fantrax.com/newui/playerProfile.go?pId=03pjf	10
Jake Diekman	OAK	RP	Clement St. Massive	https://www.fantrax.com/newui/playerProfile.go?pId=02iya	11
Emilio Pagan	SD	RP	Clement St. Massive	https://www.fantrax.com/newui/playerProfile.go?pId=031cy	12
Drew Rasmussen	MIL/TB	SP,RP	Clement St. Massive	https://www.fantrax.com/newui/playerProfile.go?pId=04eee	13
Gio Urshela	NYY	3B,SS	Clement St. Massive	https://www.fantrax.com/newui/playerProfile.go?pId=026rz	13
Jose Urquidy	HOU	SP	Clement St. Massive	https://www.fantrax.com/newui/playerProfile.go?pId=0440h	17
Christian Vazquez	BOS	C	Clement St. Massive	https://www.fantrax.com/newui/playerProfile.go?pId=029us	17
Nick Senzel	CIN	CF,OF	Clement St. Massive	https://www.fantrax.com/newui/playerProfile.go?pId=03zc9	17
Wade Miley	CIN	SP	Clement St. Massive	https://www.fantrax.com/newui/playerProfile.go?pId=01sev	24
Trevor Richards	TB/MIL/TOR	SP,RP	Clement St. Massive	https://www.fantrax.com/newui/playerProfile.go?pId=04coa	24
Omar Narvaez	MIL	C	Clement St. Massive	https://www.fantrax.com/newui/playerProfile.go?pId=043f8	24
Jose Suarez	LAA	SP,RP	Clement St. Massive	https://www.fantrax.com/newui/playerProfile.go?pId=03nqc	24
Anthony Bender	MIA	SP,RP	Clement St. Massive	https://www.fantrax.com/newui/playerProfile.go?pId=0423e	24
Harold Ramirez	CLE	CF,OF	Clement St. Massive	https://www.fantrax.com/newui/playerProfile.go?pId=02i3m	24
Luis Gil	NYY	SP,RP	Clement St. Massive	https://www.fantrax.com/newui/playerProfile.go?pId=04s1h	24
Yoshi Tsutsugo	TB/LAD/PIT	1B,3B,OF	Clement St. Massive	https://www.fantrax.com/newui/playerProfile.go?pId=04b84	24
Lewis Brinson	MIA	CF,OF	Clement St. Massive	https://www.fantrax.com/newui/playerProfile.go?pId=02mwa	24
Mike Trout	LAA	CF,OF	Dostoevskian Idiots	https://www.fantrax.com/newui/playerProfile.go?pId=01s8u	1
Javier Baez	CHC/NYM	2B,SS	Dostoevskian Idiots	https://www.fantrax.com/newui/playerProfile.go?pId=026mn	2
Brent Suter	MIL	SP,RP	Dostoevskian Idiots	https://www.fantrax.com/newui/playerProfile.go?pId=03cav	3
Joc Pederson	CHC/ATL	CF,OF	Dostoevskian Idiots	https://www.fantrax.com/newui/playerProfile.go?pId=026qc	4
Kris Bubic	KC	SP,RP	Dostoevskian Idiots	https://www.fantrax.com/newui/playerProfile.go?pId=04pmb	5
Carlos Rodon	CHW	SP,RP	Dostoevskian Idiots	https://www.fantrax.com/newui/playerProfile.go?pId=02c2r	7
Chad Green	NYY	RP	Dostoevskian Idiots	https://www.fantrax.com/newui/playerProfile.go?pId=0374o	7
Ronald Acuna Jr.	ATL	CF,OF	Dostoevskian Idiots	https://www.fantrax.com/newui/playerProfile.go?pId=03wha	10
Franmil Reyes	CLE	OF	Dostoevskian Idiots	https://www.fantrax.com/newui/playerProfile.go?pId=02i3z	10
Adrian Houser	MIL	SP	Dostoevskian Idiots	https://www.fantrax.com/newui/playerProfile.go?pId=02brc	11
Tommy Edman	STL	2B,3B,SS,OF	Dostoevskian Idiots	https://www.fantrax.com/newui/playerProfile.go?pId=041sq	11
Kolten Wong	MIL	2B	Dostoevskian Idiots	https://www.fantrax.com/newui/playerProfile.go?pId=026m0	12
Chris Bassitt	OAK	SP	Dostoevskian Idiots	https://www.fantrax.com/newui/playerProfile.go?pId=02c2h	13
Pete Alonso	NYM	1B	Dostoevskian Idiots	https://www.fantrax.com/newui/playerProfile.go?pId=041pz	17
Cal Quantrill	CLE	SP,RP	Dostoevskian Idiots	https://www.fantrax.com/newui/playerProfile.go?pId=03yxh	17
Dustin May	LAD	SP	Dostoevskian Idiots	https://www.fantrax.com/newui/playerProfile.go?pId=041r5	17
Craig Stammen	SD	SP,RP	Dostoevskian Idiots	https://www.fantrax.com/newui/playerProfile.go?pId=01di3	24
LaMonte Wade Jr.	SF	1B,CF,OF	Dostoevskian Idiots	https://www.fantrax.com/newui/playerProfile.go?pId=03qo2	24
Tony Kemp	OAK	2B,OF	Dostoevskian Idiots	https://www.fantrax.com/newui/playerProfile.go?pId=031b8	24
Jake McGee	SF	RP	Dostoevskian Idiots	https://www.fantrax.com/newui/playerProfile.go?pId=01avv	24
Yan Gomes	WSH/OAK	C	Dostoevskian Idiots	https://www.fantrax.com/newui/playerProfile.go?pId=024o9	24
Abraham Toro	HOU/SEA	2B,3B	Dostoevskian Idiots	https://www.fantrax.com/newui/playerProfile.go?pId=041se	24
Gavin Sheets	CHW	1B,OF	Dostoevskian Idiots	https://www.fantrax.com/newui/playerProfile.go?pId=04eej	24
Taylor Hearn	TEX	SP,RP	Dostoevskian Idiots	https://www.fantrax.com/newui/playerProfile.go?pId=02nc0	24
A.J. Alexy	TEX	SP	Dostoevskian Idiots	https://www.fantrax.com/newui/playerProfile.go?pId=0429o	24
Jarren Duran	BOS	CF,OF	Dostoevskian Idiots	https://www.fantrax.com/newui/playerProfile.go?pId=04pst	24
Rodolfo Castro	PIT	2B,SS	Dostoevskian Idiots	https://www.fantrax.com/newui/playerProfile.go?pId=042c1	24
Mario Feliciano	MIL	C	Dostoevskian Idiots	https://www.fantrax.com/newui/playerProfile.go?pId=041qj	24
Corbin Burnes	MIL	SP	HeMissedTheTag	https://www.fantrax.com/newui/playerProfile.go?pId=041rd	1
Randy Arozarena	TB	OF	HeMissedTheTag	https://www.fantrax.com/newui/playerProfile.go?pId=040b5	1
Anthony Rizzo	CHC/NYY	1B	HeMissedTheTag	https://www.fantrax.com/newui/playerProfile.go?pId=01sea	1
Sonny Gray	CIN	SP	HeMissedTheTag	https://www.fantrax.com/newui/playerProfile.go?pId=0260v	1
Salvador Perez	KC	C	HeMissedTheTag	https://www.fantrax.com/newui/playerProfile.go?pId=01u75	2
Marcus Semien	TOR	2B,SS	HeMissedTheTag	https://www.fantrax.com/newui/playerProfile.go?pId=02bu9	3
Kyle Schwarber	WSH/BOS	1B,OF	HeMissedTheTag	https://www.fantrax.com/newui/playerProfile.go?pId=03cag	3
Michael Conforto	NYM	OF	HeMissedTheTag	https://www.fantrax.com/newui/playerProfile.go?pId=02z0t	3
Andrew Heaney	LAA/NYY	SP,RP	HeMissedTheTag	https://www.fantrax.com/newui/playerProfile.go?pId=02mv0	3
Randal Grichuk	TOR	CF,OF	HeMissedTheTag	https://www.fantrax.com/newui/playerProfile.go?pId=01s9c	4
Noah Syndergaard	NYM	SP	HeMissedTheTag	https://www.fantrax.com/newui/playerProfile.go?pId=025ew	4
Jeimer Candelario	DET	1B,3B	HeMissedTheTag	https://www.fantrax.com/newui/playerProfile.go?pId=027fx	5
Ty France	SEA	1B,2B	HeMissedTheTag	https://www.fantrax.com/newui/playerProfile.go?pId=03whq	6
Seth Lugo	NYM	SP,RP	HeMissedTheTag	https://www.fantrax.com/newui/playerProfile.go?pId=03sef	7
Johnny Cueto	SF	SP	HeMissedTheTag	https://www.fantrax.com/newui/playerProfile.go?pId=0055e	8
Merrill Kelly	ARI	SP	HeMissedTheTag	https://www.fantrax.com/newui/playerProfile.go?pId=02hj7	9
Alec Mills	CHC	SP,RP	HeMissedTheTag	https://www.fantrax.com/newui/playerProfile.go?pId=02nbq	10
Luis Arraez	MIN	2B,3B,OF	HeMissedTheTag	https://www.fantrax.com/newui/playerProfile.go?pId=03mew	12
Jordan Romano	TOR	RP	HeMissedTheTag	https://www.fantrax.com/newui/playerProfile.go?pId=03di6	13
Luis Urias	MIL	2B,3B,SS	HeMissedTheTag	https://www.fantrax.com/newui/playerProfile.go?pId=03o43	17
Isaac Paredes	DET	2B,3B	HeMissedTheTag	https://www.fantrax.com/newui/playerProfile.go?pId=04071	17
Blake Treinen	LAD	RP	HeMissedTheTag	https://www.fantrax.com/newui/playerProfile.go?pId=02bve	24
Tyler Rogers	SF	RP	HeMissedTheTag	https://www.fantrax.com/newui/playerProfile.go?pId=0374m	24
Lou Trivino	OAK	RP	HeMissedTheTag	https://www.fantrax.com/newui/playerProfile.go?pId=031d9	24
Sean Murphy	OAK	C	HeMissedTheTag	https://www.fantrax.com/newui/playerProfile.go?pId=03aoy	24
Chris Rodriguez	LAA	SP,RP	HeMissedTheTag	https://www.fantrax.com/newui/playerProfile.go?pId=041rr	24
Andres Gimenez	CLE	2B,3B,SS	HeMissedTheTag	https://www.fantrax.com/newui/playerProfile.go?pId=03pzn	24
Jose Abreu	CHW	1B	Hoopleheads	https://www.fantrax.com/newui/playerProfile.go?pId=02i2e	1
Gerrit Cole	NYY	SP	Hoopleheads	https://www.fantrax.com/newui/playerProfile.go?pId=01spo	2
Mookie Betts	LAD	CF,OF	Hoopleheads	https://www.fantrax.com/newui/playerProfile.go?pId=02btf	2
Zach Davies	CHC	SP	Hoopleheads	https://www.fantrax.com/newui/playerProfile.go?pId=02i4x	2
Joey Gallo	TEX/NYY	OF	Hoopleheads	https://www.fantrax.com/newui/playerProfile.go?pId=02i3v	4
Jorge Soler	KC/ATL	OF	Hoopleheads	https://www.fantrax.com/newui/playerProfile.go?pId=02i11	4
Adbert Alzolay	CHC	SP,RP	Hoopleheads	https://www.fantrax.com/newui/playerProfile.go?pId=03aqz	4
Charlie Morton	ATL	SP	Hoopleheads	https://www.fantrax.com/newui/playerProfile.go?pId=005jn	5
Steven Matz	TOR	SP	Hoopleheads	https://www.fantrax.com/newui/playerProfile.go?pId=02h8d	5
Ketel Marte	ARI	2B,CF,OF	Hoopleheads	https://www.fantrax.com/newui/playerProfile.go?pId=0326s	6
Matt Olson	OAK	1B	Hoopleheads	https://www.fantrax.com/newui/playerProfile.go?pId=02mwm	7
Gleyber Torres	NYY	2B,SS	Hoopleheads	https://www.fantrax.com/newui/playerProfile.go?pId=031t0	10
Reyes Moronta	SF	RP	Hoopleheads	https://www.fantrax.com/newui/playerProfile.go?pId=042uz	10
Trevor Rogers	MIA	SP	Hoopleheads	https://www.fantrax.com/newui/playerProfile.go?pId=04ak5	11
J.P. Crawford	SEA	SS	Hoopleheads	https://www.fantrax.com/newui/playerProfile.go?pId=0310z	12
Kyle Seager	SEA	3B	Hoopleheads	https://www.fantrax.com/newui/playerProfile.go?pId=01sfj	13
Mitch Garver	MIN	C	Hoopleheads	https://www.fantrax.com/newui/playerProfile.go?pId=031cd	17
Anthony Santander	BAL	OF	Hoopleheads	https://www.fantrax.com/newui/playerProfile.go?pId=02w16	17
Enrique Hernandez	BOS	2B,CF,OF	Hoopleheads	https://www.fantrax.com/newui/playerProfile.go?pId=02h98	24
Rich Hill	TB/NYM	SP	Hoopleheads	https://www.fantrax.com/newui/playerProfile.go?pId=0008c	24
Josh Staumont	KC	RP	Hoopleheads	https://www.fantrax.com/newui/playerProfile.go?pId=03pp2	24
Hector Neris	PHI	RP	Hoopleheads	https://www.fantrax.com/newui/playerProfile.go?pId=03h90	24
Mark Melancon	SD	RP	Hoopleheads	https://www.fantrax.com/newui/playerProfile.go?pId=01cyw	24
Vladimir Gutierrez	CIN	SP	Hoopleheads	https://www.fantrax.com/newui/playerProfile.go?pId=03mmw	24
Paul Goldschmidt	STL	1B	Ken Phelps All Stars	https://www.fantrax.com/newui/playerProfile.go?pId=01ual	1
Nelson Cruz	MIN/TB	UT	Ken Phelps All Stars	https://www.fantrax.com/newui/playerProfile.go?pId=0001d	1
Patrick Corbin	WSH	SP	Ken Phelps All Stars	https://www.fantrax.com/newui/playerProfile.go?pId=01xfr	1
Willy Adames	TB/MIL	SS	Ken Phelps All Stars	https://www.fantrax.com/newui/playerProfile.go?pId=03atq	2
Ramon Laureano	OAK	CF,OF	Ken Phelps All Stars	https://www.fantrax.com/newui/playerProfile.go?pId=03dp8	2
Kwang Hyun Kim	STL	SP,RP	Ken Phelps All Stars	https://www.fantrax.com/newui/playerProfile.go?pId=057vg	3
Caleb Smith	ARI	SP,RP	Ken Phelps All Stars	https://www.fantrax.com/newui/playerProfile.go?pId=03753	3
Adam Wainwright	STL	SP	Ken Phelps All Stars	https://www.fantrax.com/newui/playerProfile.go?pId=000wm	4
Jean Segura	PHI	2B,3B	Ken Phelps All Stars	https://www.fantrax.com/newui/playerProfile.go?pId=01suo	4
Kenley Jansen	LAD	RP	Ken Phelps All Stars	https://www.fantrax.com/newui/playerProfile.go?pId=01svz	4
Chris Taylor	LAD	2B,3B,SS,CF,OF	Ken Phelps All Stars	https://www.fantrax.com/newui/playerProfile.go?pId=02u47	5
Matthew Boyd	DET	SP	Ken Phelps All Stars	https://www.fantrax.com/newui/playerProfile.go?pId=02n4s	5
Amed Rosario	CLE	SS,CF,OF	Ken Phelps All Stars	https://www.fantrax.com/newui/playerProfile.go?pId=02yh5	6
Rafael Devers	BOS	3B	Ken Phelps All Stars	https://www.fantrax.com/newui/playerProfile.go?pId=030uc	7
Dinelson Lamet	SD	SP,RP	Ken Phelps All Stars	https://www.fantrax.com/newui/playerProfile.go?pId=03ry2	7
Ryan Yarbrough	TB	SP,RP	Ken Phelps All Stars	https://www.fantrax.com/newui/playerProfile.go?pId=0314j	9
Juan Soto	WSH	OF	Ken Phelps All Stars	https://www.fantrax.com/newui/playerProfile.go?pId=03ynj	10
Justin Verlander	HOU	SP	Ken Phelps All Stars	https://www.fantrax.com/newui/playerProfile.go?pId=000dp	10
Hunter Renfroe	BOS	OF	Ken Phelps All Stars	https://www.fantrax.com/newui/playerProfile.go?pId=03022	11
Anthony DeSclafani	SF	SP	Ken Phelps All Stars	https://www.fantrax.com/newui/playerProfile.go?pId=02but	17
Liam Hendriks	CHW	RP	Ken Phelps All Stars	https://www.fantrax.com/newui/playerProfile.go?pId=01ub8	17
Jason Castro	HOU	C	Ken Phelps All Stars	https://www.fantrax.com/newui/playerProfile.go?pId=01cde	17
Cavan Biggio	TOR	2B,3B,OF	Ken Phelps All Stars	https://www.fantrax.com/newui/playerProfile.go?pId=041rv	17
Garrett Whitlock	BOS	SP,RP	Ken Phelps All Stars	https://www.fantrax.com/newui/playerProfile.go?pId=04eqa	24
Tyler Anderson	PIT/SEA	SP	Ken Phelps All Stars	https://www.fantrax.com/newui/playerProfile.go?pId=026mq	24
Max Stassi	LAA	C	Ken Phelps All Stars	https://www.fantrax.com/newui/playerProfile.go?pId=01sc7	24
Corey Dickerson	MIA/TOR	CF,OF	Ken Phelps All Stars	https://www.fantrax.com/newui/playerProfile.go?pId=025jn	24
Jesus Luzardo	OAK/MIA	SP,RP	Ken Phelps All Stars	https://www.fantrax.com/newui/playerProfile.go?pId=041r1	24
Giancarlo Stanton	NYY	OF	Maya's Mysteries	https://www.fantrax.com/newui/playerProfile.go?pId=01cdf	1
Yu Darvish	SD	SP	Maya's Mysteries	https://www.fantrax.com/newui/playerProfile.go?pId=01c5l	1
Kevin Gausman	SF	SP	Maya's Mysteries	https://www.fantrax.com/newui/playerProfile.go?pId=02hi7	2
Jacob deGrom	NYM	SP	Maya's Mysteries	https://www.fantrax.com/newui/playerProfile.go?pId=02hjp	2
Kris Bryant	CHC/SF	1B,3B,CF,OF	Maya's Mysteries	https://www.fantrax.com/newui/playerProfile.go?pId=01ubo	3
Luis Severino	NYY	SP	Maya's Mysteries	https://www.fantrax.com/newui/playerProfile.go?pId=03ab0	3
Carlos Correa	HOU	SS	Maya's Mysteries	https://www.fantrax.com/newui/playerProfile.go?pId=02i2q	4
Michael Lorenzen	CIN	RP	Maya's Mysteries	https://www.fantrax.com/newui/playerProfile.go?pId=02hir	6
Mike Clevinger	SD	SP	Maya's Mysteries	https://www.fantrax.com/newui/playerProfile.go?pId=02bsw	7
Alex Wood	SF	SP,RP	Maya's Mysteries	https://www.fantrax.com/newui/playerProfile.go?pId=02mwv	9
Max Muncy	LAD	1B,2B,3B	Maya's Mysteries	https://www.fantrax.com/newui/playerProfile.go?pId=02mzg	10
Jeff McNeil	NYM	2B,OF	Maya's Mysteries	https://www.fantrax.com/newui/playerProfile.go?pId=0317o	10
Nick Solak	TEX	2B,CF,OF	Maya's Mysteries	https://www.fantrax.com/newui/playerProfile.go?pId=041q1	12
Trent Grisham	SD	CF,OF	Maya's Mysteries	https://www.fantrax.com/newui/playerProfile.go?pId=03pit	17
Christian Walker	ARI	1B	Maya's Mysteries	https://www.fantrax.com/newui/playerProfile.go?pId=02mw3	17
Dominic Smith	NYM	1B,OF	Maya's Mysteries	https://www.fantrax.com/newui/playerProfile.go?pId=02z96	17
Chris Paddack	SD	SP	Maya's Mysteries	https://www.fantrax.com/newui/playerProfile.go?pId=03qne	17
Buster Posey	SF	C	Maya's Mysteries	https://www.fantrax.com/newui/playerProfile.go?pId=01c5s	24
Eric Lauer	MIL	SP,RP	Maya's Mysteries	https://www.fantrax.com/newui/playerProfile.go?pId=031ey	24
Collin McHugh	TB	SP,RP	Maya's Mysteries	https://www.fantrax.com/newui/playerProfile.go?pId=02hy2	24
Ian Anderson	ATL	SP	Maya's Mysteries	https://www.fantrax.com/newui/playerProfile.go?pId=041m0	24
Paul Sewald	SEA	RP	Maya's Mysteries	https://www.fantrax.com/newui/playerProfile.go?pId=02n2x	24
Rafael Ortega	CHC	CF,OF	Maya's Mysteries	https://www.fantrax.com/newui/playerProfile.go?pId=022vt	24
Cole Irvin	OAK	SP,RP	Maya's Mysteries	https://www.fantrax.com/newui/playerProfile.go?pId=041ru	24
Gavin Lux	LAD	2B,SS,OF	Maya's Mysteries	https://www.fantrax.com/newui/playerProfile.go?pId=041ai	24
Bailey Ober	MIN	SP,RP	Maya's Mysteries	https://www.fantrax.com/newui/playerProfile.go?pId=0425t	24
Kyle Muller	ATL	SP,RP	Maya's Mysteries	https://www.fantrax.com/newui/playerProfile.go?pId=041q4	24
Yoan Moncada	CHW	3B	Mendoza Line	https://www.fantrax.com/newui/playerProfile.go?pId=03eet	1
Trevor Bauer	LAD	SP	Mendoza Line	https://www.fantrax.com/newui/playerProfile.go?pId=025hm	2
Pablo Lopez	MIA	SP	Mendoza Line	https://www.fantrax.com/newui/playerProfile.go?pId=043f9	2
Blake Snell	SD	SP	Mendoza Line	https://www.fantrax.com/newui/playerProfile.go?pId=02bqr	4
Trea Turner	WSH/LAD	2B,SS	Mendoza Line	https://www.fantrax.com/newui/playerProfile.go?pId=02c68	5
Lucas Giolito	CHW	SP	Mendoza Line	https://www.fantrax.com/newui/playerProfile.go?pId=02i37	5
Ryan McMahon	COL	1B,2B,3B	Mendoza Line	https://www.fantrax.com/newui/playerProfile.go?pId=0310n	6
Walker Buehler	LAD	SP	Mendoza Line	https://www.fantrax.com/newui/playerProfile.go?pId=03aac	7
Will Smith	LAD	C	Mendoza Line	https://www.fantrax.com/newui/playerProfile.go?pId=042sz	10
J.D. Davis	NYM	3B	Mendoza Line	https://www.fantrax.com/newui/playerProfile.go?pId=02bu2	13
Dylan Cease	CHW	SP	Mendoza Line	https://www.fantrax.com/newui/playerProfile.go?pId=03df2	17
Aaron Civale	CLE	SP	Mendoza Line	https://www.fantrax.com/newui/playerProfile.go?pId=041qr	17
Victor Robles	WSH	CF,OF	Mendoza Line	https://www.fantrax.com/newui/playerProfile.go?pId=03c65	17
Robbie Grossman	DET	OF	Mendoza Line	https://www.fantrax.com/newui/playerProfile.go?pId=01seb	24
Dylan Carlson	STL	CF,OF	Mendoza Line	https://www.fantrax.com/newui/playerProfile.go?pId=041mc	24
Frank Schwindel	OAK/CHC	1B	Mendoza Line	https://www.fantrax.com/newui/playerProfile.go?pId=031f9	24
David Bednar	PIT	RP	Mendoza Line	https://www.fantrax.com/newui/playerProfile.go?pId=04aqc	24
Alex Vesia	LAD	RP	Mendoza Line	https://www.fantrax.com/newui/playerProfile.go?pId=04q05	24
Garrett Crochet	CHW	RP	Mendoza Line	https://www.fantrax.com/newui/playerProfile.go?pId=05ajh	24
Lane Thomas	STL/WSH	CF,OF	Mendoza Line	https://www.fantrax.com/newui/playerProfile.go?pId=03dei	24
Bryan De La Cruz	HOU/MIA	CF,OF	Mendoza Line	https://www.fantrax.com/newui/playerProfile.go?pId=03bud	24
Nico Hoerner	CHC	2B,SS	Mendoza Line	https://www.fantrax.com/newui/playerProfile.go?pId=04pkr	24
Aaron Ashby	MIL	SP,RP	Mendoza Line	https://www.fantrax.com/newui/playerProfile.go?pId=04ew7	24
Clarke Schmidt	NYY	RP	Mendoza Line	https://www.fantrax.com/newui/playerProfile.go?pId=04ee7	24
Daniel Lynch	KC	SP	Mendoza Line	https://www.fantrax.com/newui/playerProfile.go?pId=04pma	24
Eddie Rosario	CLE/ATL	OF	Sticky Pitches	https://www.fantrax.com/newui/playerProfile.go?pId=025f7	1
Jose Quintana	LAA/SF	SP,RP	Sticky Pitches	https://www.fantrax.com/newui/playerProfile.go?pId=025kd	1
Raisel Iglesias	LAA	RP	Sticky Pitches	https://www.fantrax.com/newui/playerProfile.go?pId=03aqv	2
Kyle Hendricks	CHC	SP	Sticky Pitches	https://www.fantrax.com/newui/playerProfile.go?pId=02bwg	2
Ha-seong Kim	SD	2B,3B,SS	Sticky Pitches	https://www.fantrax.com/newui/playerProfile.go?pId=05ajg	3
Roberto Osuna	(N/A)	RP	Sticky Pitches	https://www.fantrax.com/newui/playerProfile.go?pId=02i1o	3
Miguel Sano	MIN	1B	Sticky Pitches	https://www.fantrax.com/newui/playerProfile.go?pId=01s9d	4
Michael Pineda	MIN	SP	Sticky Pitches	https://www.fantrax.com/newui/playerProfile.go?pId=01fi0	4
Trevor Story	COL	SS	Sticky Pitches	https://www.fantrax.com/newui/playerProfile.go?pId=02bqh	5
Victor Reyes	DET	CF,OF	Sticky Pitches	https://www.fantrax.com/newui/playerProfile.go?pId=02zm9	5
Jake Odorizzi	HOU	SP	Sticky Pitches	https://www.fantrax.com/newui/playerProfile.go?pId=01h4f	6
Domingo German	NYY	SP,RP	Sticky Pitches	https://www.fantrax.com/newui/playerProfile.go?pId=03c97	7
Amir Garrett	CIN	RP	Sticky Pitches	https://www.fantrax.com/newui/playerProfile.go?pId=02i3x	7
Edwin Rios	LAD	1B,3B	Sticky Pitches	https://www.fantrax.com/newui/playerProfile.go?pId=03qlr	8
Luke Weaver	ARI	SP	Sticky Pitches	https://www.fantrax.com/newui/playerProfile.go?pId=02c5l	9
Daniel Vogelbach	MIL	1B	Sticky Pitches	https://www.fantrax.com/newui/playerProfile.go?pId=02br5	10
Miguel Andujar	NYY	OF	Sticky Pitches	https://www.fantrax.com/newui/playerProfile.go?pId=02i3l	10
Richard Rodriguez	PIT/ATL	RP	Sticky Pitches	https://www.fantrax.com/newui/playerProfile.go?pId=03mnn	11
Nate Lowe	TEX	1B	Sticky Pitches	https://www.fantrax.com/newui/playerProfile.go?pId=041xv	12
Starlin Castro	WSH	2B,3B	Sticky Pitches	https://www.fantrax.com/newui/playerProfile.go?pId=01oa7	13
Yordan Alvarez	HOU	OF	Sticky Pitches	https://www.fantrax.com/newui/playerProfile.go?pId=04355	17
Miguel Cabrera	DET	1B	Sticky Pitches	https://www.fantrax.com/newui/playerProfile.go?pId=0007c	17
Colin Moran	PIT	1B	Sticky Pitches	https://www.fantrax.com/newui/playerProfile.go?pId=026l2	17
Alex Avila	WSH	C	Sticky Pitches	https://www.fantrax.com/newui/playerProfile.go?pId=01gmv	17
Brendan Rodgers	COL	2B,SS	Sticky Pitches	https://www.fantrax.com/newui/playerProfile.go?pId=03lua	24
Evan White	SEA	1B	Sticky Pitches	https://www.fantrax.com/newui/playerProfile.go?pId=04bpk	24
Nick Castellanos	CIN	OF	The Clown Questions	https://www.fantrax.com/newui/playerProfile.go?pId=01uc9	1
Zack Greinke	HOU	SP	The Clown Questions	https://www.fantrax.com/newui/playerProfile.go?pId=0005k	1
Aroldis Chapman	NYY	RP	The Clown Questions	https://www.fantrax.com/newui/playerProfile.go?pId=01gya	2
Dallas Keuchel	CHW	SP	The Clown Questions	https://www.fantrax.com/newui/playerProfile.go?pId=01z83	2
Willson Contreras	CHC	C	The Clown Questions	https://www.fantrax.com/newui/playerProfile.go?pId=03oh0	3
Brad Hand	WSH/TOR/NYM	RP	The Clown Questions	https://www.fantrax.com/newui/playerProfile.go?pId=0241r	3
Eugenio Suarez	CIN	3B,SS	The Clown Questions	https://www.fantrax.com/newui/playerProfile.go?pId=02jh6	4
Jose Urena	DET	SP,RP	The Clown Questions	https://www.fantrax.com/newui/playerProfile.go?pId=02j6w	4
Corey Seager	LAD	SS	The Clown Questions	https://www.fantrax.com/newui/playerProfile.go?pId=02mw6	5
Edwin Diaz	NYM	RP	The Clown Questions	https://www.fantrax.com/newui/playerProfile.go?pId=02my5	5
Clint Frazier	NYY	OF	The Clown Questions	https://www.fantrax.com/newui/playerProfile.go?pId=02yoh	6
Reynaldo Lopez	CHW	SP,RP	The Clown Questions	https://www.fantrax.com/newui/playerProfile.go?pId=03i81	7
Sean Newcomb	ATL	SP,RP	The Clown Questions	https://www.fantrax.com/newui/playerProfile.go?pId=032lk	7
Garrett Hampson	COL	2B,CF,OF	The Clown Questions	https://www.fantrax.com/newui/playerProfile.go?pId=041qk	8
Rafael Montero	SEA/HOU	RP	The Clown Questions	https://www.fantrax.com/newui/playerProfile.go?pId=02jhl	9
Yusmeiro Petit	OAK	RP	The Clown Questions	https://www.fantrax.com/newui/playerProfile.go?pId=000sw	10
Anibal Sanchez	(N/A)	SP	The Clown Questions	https://www.fantrax.com/newui/playerProfile.go?pId=000v3	10
Kole Calhoun	ARI	OF	The Clown Questions	https://www.fantrax.com/newui/playerProfile.go?pId=0240y	11
Yandy Diaz	TB	1B,3B	The Clown Questions	https://www.fantrax.com/newui/playerProfile.go?pId=03m6o	12
Ji-Man Choi	TB	1B	The Clown Questions	https://www.fantrax.com/newui/playerProfile.go?pId=025jm	13
Mike Yastrzemski	SF	CF,OF	The Clown Questions	https://www.fantrax.com/newui/playerProfile.go?pId=031dw	17
Hunter Dozier	KC	1B,3B,OF	The Clown Questions	https://www.fantrax.com/newui/playerProfile.go?pId=03108	17
Homer Bailey	OAK	SP	The Clown Questions	https://www.fantrax.com/newui/playerProfile.go?pId=000u2	17
Keston Hiura	MIL	1B,2B	The Clown Questions	https://www.fantrax.com/newui/playerProfile.go?pId=04e82	17
Luis Garcia	WSH	2B	The Clown Questions	https://www.fantrax.com/newui/playerProfile.go?pId=0414g	24
Madison Bumgarner	ARI	SP	Quantum Fastball	https://www.fantrax.com/newui/playerProfile.go?pId=01cdg	1
Jon Lester	WSH/STL	SP	Quantum Fastball	https://www.fantrax.com/newui/playerProfile.go?pId=000bm	1
Nolan Arenado	STL	3B	Quantum Fastball	https://www.fantrax.com/newui/playerProfile.go?pId=01sy3	2
Michael Fulmer	DET	SP,RP	Quantum Fastball	https://www.fantrax.com/newui/playerProfile.go?pId=02bqj	2
Joe Musgrove	SD	SP	Quantum Fastball	https://www.fantrax.com/newui/playerProfile.go?pId=02bqy	3
Aaron Sanchez	SF	SP,RP	Quantum Fastball	https://www.fantrax.com/newui/playerProfile.go?pId=0241y	3
Teoscar Hernandez	TOR	OF	Quantum Fastball	https://www.fantrax.com/newui/playerProfile.go?pId=02xic	4
Aaron Nola	PHI	SP	Quantum Fastball	https://www.fantrax.com/newui/playerProfile.go?pId=02i3o	4
Mike Zunino	TB	C	Quantum Fastball	https://www.fantrax.com/newui/playerProfile.go?pId=02i12	5
Alex Bregman	HOU	3B	Quantum Fastball	https://www.fantrax.com/newui/playerProfile.go?pId=02w7p	5
Craig Kimbrel	CHC/CHW	RP	Quantum Fastball	https://www.fantrax.com/newui/playerProfile.go?pId=01scl	6
Albert Almora Jr.	NYM	CF,OF	Quantum Fastball	https://www.fantrax.com/newui/playerProfile.go?pId=02i2o	7
Justus Sheffield	SEA	SP,RP	Quantum Fastball	https://www.fantrax.com/newui/playerProfile.go?pId=03c9c	7
Trevor May	NYM	RP	Quantum Fastball	https://www.fantrax.com/newui/playerProfile.go?pId=01s9a	8
Ozzie Albies	ATL	2B	Quantum Fastball	https://www.fantrax.com/newui/playerProfile.go?pId=03fi0	10
Matt Andriese	BOS/SEA	RP	Quantum Fastball	https://www.fantrax.com/newui/playerProfile.go?pId=02bsc	10
Yuli Gurriel	HOU	1B	Quantum Fastball	https://www.fantrax.com/newui/playerProfile.go?pId=025jv	11
David Bote	CHC	2B,3B	Quantum Fastball	https://www.fantrax.com/newui/playerProfile.go?pId=02n8i	12
Jurickson Profar	SD	1B,2B,CF,OF	Quantum Fastball	https://www.fantrax.com/newui/playerProfile.go?pId=01spl	13
Kyle Tucker	HOU	OF	Quantum Fastball	https://www.fantrax.com/newui/playerProfile.go?pId=03pir	17
Joakim Soria	ARI/TOR	RP	Quantum Fastball	https://www.fantrax.com/newui/playerProfile.go?pId=0002p	17
Cedric Mullins	BAL	CF,OF	Quantum Fastball	https://www.fantrax.com/newui/playerProfile.go?pId=03qr0	24
Brandon Crawford	SF	SS	Quantum Fastball	https://www.fantrax.com/newui/playerProfile.go?pId=01sdl	24
Adam Plutko	BAL	SP,RP	Quantum Fastball	https://www.fantrax.com/newui/playerProfile.go?pId=02hi4	24
J.D. Martinez	BOS	OF	Henry Cotto All Stars	https://www.fantrax.com/newui/playerProfile.go?pId=02334	2
Lance McCullers Jr.	HOU	SP	Henry Cotto All Stars	https://www.fantrax.com/newui/playerProfile.go?pId=026l1	2
Lance Lynn	CHW	SP	Henry Cotto All Stars	https://www.fantrax.com/newui/playerProfile.go?pId=01s94	3
Yasmani Grandal	CHW	C	Henry Cotto All Stars	https://www.fantrax.com/newui/playerProfile.go?pId=01uqq	3
Chris Sale	BOS	SP	Henry Cotto All Stars	https://www.fantrax.com/newui/playerProfile.go?pId=01uca	4
Aaron Judge	NYY	CF,OF	Henry Cotto All Stars	https://www.fantrax.com/newui/playerProfile.go?pId=02z0s	5
Jonathan Loaisiga	NYY	SP,RP	Henry Cotto All Stars	https://www.fantrax.com/newui/playerProfile.go?pId=03db4	6
Brandon Belt	SF	1B	Henry Cotto All Stars	https://www.fantrax.com/newui/playerProfile.go?pId=01uwk	7
Josh Hader	MIL	RP	Henry Cotto All Stars	https://www.fantrax.com/newui/playerProfile.go?pId=02n96	7
Brandon Nimmo	NYM	CF,OF	Henry Cotto All Stars	https://www.fantrax.com/newui/playerProfile.go?pId=02bq2	7
Austin Meadows	TB	OF	Henry Cotto All Stars	https://www.fantrax.com/newui/playerProfile.go?pId=02k18	10
Tyler Matzek	ATL	RP	Henry Cotto All Stars	https://www.fantrax.com/newui/playerProfile.go?pId=01iz0	10
Yusei Kikuchi	SEA	SP	Henry Cotto All Stars	https://www.fantrax.com/newui/playerProfile.go?pId=04ml0	13
Bo Bichette	TOR	SS	Henry Cotto All Stars	https://www.fantrax.com/newui/playerProfile.go?pId=041qb	17
John Means	BAL	SP	Henry Cotto All Stars	https://www.fantrax.com/newui/playerProfile.go?pId=03dim	17
Zac Gallen	ARI	SP	Henry Cotto All Stars	https://www.fantrax.com/newui/playerProfile.go?pId=041qo	17
Jonathan India	CIN	2B,3B	Henry Cotto All Stars	https://www.fantrax.com/newui/playerProfile.go?pId=04nx3	24
Framber Valdez	HOU	SP	Henry Cotto All Stars	https://www.fantrax.com/newui/playerProfile.go?pId=04auj	24
Patrick Wisdom	CHC	1B,3B,OF	Henry Cotto All Stars	https://www.fantrax.com/newui/playerProfile.go?pId=02mws	24
Patrick Sandoval	LAA	SP	Henry Cotto All Stars	https://www.fantrax.com/newui/playerProfile.go?pId=03qpi	24
Brad Miller	PHI	1B,2B,3B,OF	Henry Cotto All Stars	https://www.fantrax.com/newui/playerProfile.go?pId=02brl	24
Alec Bohm	PHI	3B	Henry Cotto All Stars	https://www.fantrax.com/newui/playerProfile.go?pId=04mn5	24
Noe Ramirez	LAA/ARI	RP	Henry Cotto All Stars	https://www.fantrax.com/newui/playerProfile.go?pId=02bsm	24
Carter Kieboom	WSH	3B	Henry Cotto All Stars	https://www.fantrax.com/newui/playerProfile.go?pId=041m8	24
Jon Heasley	KC	SP,RP	Henry Cotto All Stars	https://www.fantrax.com/newui/playerProfile.go?pId=04pwx	24
Jackson Kowar	KC	SP	Henry Cotto All Stars	https://www.fantrax.com/newui/playerProfile.go?pId=04mlg	24
Clayton Kershaw	LAD	SP	The Bad Hombres	https://www.fantrax.com/newui/playerProfile.go?pId=005ih	1
Lourdes Gurriel Jr.	TOR	1B,OF	The Bad Hombres	https://www.fantrax.com/newui/playerProfile.go?pId=03nri	2
George Springer	TOR	CF,OF	The Bad Hombres	https://www.fantrax.com/newui/playerProfile.go?pId=025he	2
DJ LeMahieu	NYY	1B,2B,3B	The Bad Hombres	https://www.fantrax.com/newui/playerProfile.go?pId=01sfi	3
Marco Gonzales	SEA	SP	The Bad Hombres	https://www.fantrax.com/newui/playerProfile.go?pId=03111	4
Francisco Lindor	NYM	SS	The Bad Hombres	https://www.fantrax.com/newui/playerProfile.go?pId=02611	4
Jameson Taillon	NYY	SP	The Bad Hombres	https://www.fantrax.com/newui/playerProfile.go?pId=01srb	5
Andrew Benintendi	KC	OF	The Bad Hombres	https://www.fantrax.com/newui/playerProfile.go?pId=03pdw	6
Josh Bell	WSH	1B,OF	The Bad Hombres	https://www.fantrax.com/newui/playerProfile.go?pId=026lz	7
Rhys Hoskins	PHI	1B	The Bad Hombres	https://www.fantrax.com/newui/playerProfile.go?pId=03de9	7
Shohei Ohtani	LAA	UT,SP	The Bad Hombres	https://www.fantrax.com/newui/playerProfile.go?pId=02yc4	10
Travis d'Arnaud	ATL	C	The Bad Hombres	https://www.fantrax.com/newui/playerProfile.go?pId=01s99	11
Bryan Reynolds	PIT	CF,OF	The Bad Hombres	https://www.fantrax.com/newui/playerProfile.go?pId=03e5m	17
Logan Webb	SF	SP	The Bad Hombres	https://www.fantrax.com/newui/playerProfile.go?pId=03dbm	24
Alek Manoah	TOR	SP	The Bad Hombres	https://www.fantrax.com/newui/playerProfile.go?pId=04yfw	24
Jonathan Schoop	DET	1B,2B	The Bad Hombres	https://www.fantrax.com/newui/playerProfile.go?pId=025g7	24
Chris Flexen	SEA	SP,RP	The Bad Hombres	https://www.fantrax.com/newui/playerProfile.go?pId=02n5v	24
Nestor Cortes Jr.	NYY	SP,RP	The Bad Hombres	https://www.fantrax.com/newui/playerProfile.go?pId=03bin	24
Jarlin Garcia	SF	RP	The Bad Hombres	https://www.fantrax.com/newui/playerProfile.go?pId=03aaa	24
Harrison Bader	STL	CF,OF	The Bad Hombres	https://www.fantrax.com/newui/playerProfile.go?pId=03qjv	24
Ryan Tepera	CHC/CHW	RP	The Bad Hombres	https://www.fantrax.com/newui/playerProfile.go?pId=02hgr	24
Joe Ross	WSH	SP	The Bad Hombres	https://www.fantrax.com/newui/playerProfile.go?pId=02bq6	24
Huascar Ynoa	ATL	SP	The Bad Hombres	https://www.fantrax.com/newui/playerProfile.go?pId=03gl9	24
Alex Cobb	LAA	SP	The Bad Hombres	https://www.fantrax.com/newui/playerProfile.go?pId=01seh	24
Danny Duffy	KC/LAD	SP	The Bad Hombres	https://www.fantrax.com/newui/playerProfile.go?pId=01sil	24
Garrett Cooper	MIA	1B,OF	The Bad Hombres	https://www.fantrax.com/newui/playerProfile.go?pId=03128	24
Zach Thompson	MIA	SP,RP	The Bad Hombres	https://www.fantrax.com/newui/playerProfile.go?pId=03de5	24
Jose Ramirez	CLE	3B	Gloomtown Shockers	https://www.fantrax.com/newui/playerProfile.go?pId=01ub6	2
Julio Urias	LAD	SP	Gloomtown Shockers	https://www.fantrax.com/newui/playerProfile.go?pId=02vl6	3
Max Kepler	MIN	CF,OF	Gloomtown Shockers	https://www.fantrax.com/newui/playerProfile.go?pId=01vja	3
Dane Dunning	TEX	SP	Gloomtown Shockers	https://www.fantrax.com/newui/playerProfile.go?pId=041m9	3
Luke Voit	NYY	1B	Gloomtown Shockers	https://www.fantrax.com/newui/playerProfile.go?pId=03199	4
Bobby Dalbec	BOS	1B,3B	Gloomtown Shockers	https://www.fantrax.com/newui/playerProfile.go?pId=03z62	5
Austin Riley	ATL	1B,3B	Gloomtown Shockers	https://www.fantrax.com/newui/playerProfile.go?pId=03pom	7
Alex Verdugo	BOS	CF,OF	Gloomtown Shockers	https://www.fantrax.com/newui/playerProfile.go?pId=03d7g	7
Alex Reyes	STL	RP	Gloomtown Shockers	https://www.fantrax.com/newui/playerProfile.go?pId=02yek	9
Shane Bieber	CLE	SP	Gloomtown Shockers	https://www.fantrax.com/newui/playerProfile.go?pId=041rf	10
Jack Flaherty	STL	SP	Gloomtown Shockers	https://www.fantrax.com/newui/playerProfile.go?pId=03d6w	10
Carson Kelly	ARI	C	Gloomtown Shockers	https://www.fantrax.com/newui/playerProfile.go?pId=02mxf	12
Fernando Tatis Jr.	SD	SS,OF	Gloomtown Shockers	https://www.fantrax.com/newui/playerProfile.go?pId=03zbh	17
Zach Plesac	CLE	SP	Gloomtown Shockers	https://www.fantrax.com/newui/playerProfile.go?pId=041wu	17
Tony Gonsolin	LAD	SP	Gloomtown Shockers	https://www.fantrax.com/newui/playerProfile.go?pId=041v6	17
Ranger Suarez	PHI	SP,RP	Gloomtown Shockers	https://www.fantrax.com/newui/playerProfile.go?pId=03et8	24
Andrew Kittredge	TB	SP,RP	Gloomtown Shockers	https://www.fantrax.com/newui/playerProfile.go?pId=04ggi	24
Jed Lowrie	OAK	2B,3B	Gloomtown Shockers	https://www.fantrax.com/newui/playerProfile.go?pId=00587	24
Eric Haase	DET	C,OF	Gloomtown Shockers	https://www.fantrax.com/newui/playerProfile.go?pId=02bv2	24
Carlos Hernandez	KC	SP,RP	Gloomtown Shockers	https://www.fantrax.com/newui/playerProfile.go?pId=04n0k	24
Wily Peralta	DET	SP,RP	Gloomtown Shockers	https://www.fantrax.com/newui/playerProfile.go?pId=01sfv	24
Alex Lange	DET	SP,RP	Gloomtown Shockers	https://www.fantrax.com/newui/playerProfile.go?pId=03yui	24
Zack Wheeler	PHI	SP	The Wonder Bats	https://www.fantrax.com/newui/playerProfile.go?pId=01sb3	1
Xander Bogaerts	BOS	SS	The Wonder Bats	https://www.fantrax.com/newui/playerProfile.go?pId=025gb	2
Tanner Houck	BOS	SP,RP	The Wonder Bats	https://www.fantrax.com/newui/playerProfile.go?pId=03djk	3
Wil Myers	SD	OF	The Wonder Bats	https://www.fantrax.com/newui/playerProfile.go?pId=01s9f	4
Isiah Kiner-Falefa	TEX	3B,SS	The Wonder Bats	https://www.fantrax.com/newui/playerProfile.go?pId=031b3	5
David Peterson	NYM	SP	The Wonder Bats	https://www.fantrax.com/newui/playerProfile.go?pId=04g1x	5
Tyler Mahle	CIN	SP	The Wonder Bats	https://www.fantrax.com/newui/playerProfile.go?pId=0312g	6
Austin Gomber	COL	SP,RP	The Wonder Bats	https://www.fantrax.com/newui/playerProfile.go?pId=03dbe	7
Cody Bellinger	LAD	1B,CF,OF	The Wonder Bats	https://www.fantrax.com/newui/playerProfile.go?pId=03120	7
Max Fried	ATL	SP	The Wonder Bats	https://www.fantrax.com/newui/playerProfile.go?pId=02i2j	10
Adam Duvall	MIA/ATL	CF,OF	The Wonder Bats	https://www.fantrax.com/newui/playerProfile.go?pId=027ow	10
Adam Frazier	PIT/SD	2B,OF	The Wonder Bats	https://www.fantrax.com/newui/playerProfile.go?pId=0316t	11
Chad Kuhl	PIT	SP,RP	The Wonder Bats	https://www.fantrax.com/newui/playerProfile.go?pId=03179	11
Diego Castillo	TB/SEA	RP	The Wonder Bats	https://www.fantrax.com/newui/playerProfile.go?pId=041me	12
Vladimir Guerrero Jr.	TOR	1B	The Wonder Bats	https://www.fantrax.com/newui/playerProfile.go?pId=03ojr	17
Freddy Galvis	BAL/PHI	2B,3B,SS	The Wonder Bats	https://www.fantrax.com/newui/playerProfile.go?pId=01urs	17
Luis Robert	CHW	CF,OF	The Wonder Bats	https://www.fantrax.com/newui/playerProfile.go?pId=047l7	24
Chas McCormick	HOU	CF,OF	The Wonder Bats	https://www.fantrax.com/newui/playerProfile.go?pId=04esz	24
Michael King	NYY	SP,RP	The Wonder Bats	https://www.fantrax.com/newui/playerProfile.go?pId=041wv	24
Genesis Cabrera	STL	RP	The Wonder Bats	https://www.fantrax.com/newui/playerProfile.go?pId=040cf	24
Paolo Espino	WSH	SP,RP	The Wonder Bats	https://www.fantrax.com/newui/playerProfile.go?pId=02yxb	24
Tucker Barnhart	CIN	C	The Wonder Bats	https://www.fantrax.com/newui/playerProfile.go?pId=022vw	24
Brandon Bielak	HOU	SP,RP	The Wonder Bats	https://www.fantrax.com/newui/playerProfile.go?pId=04el1	24
Jo Adell	LAA	OF	The Wonder Bats	https://www.fantrax.com/newui/playerProfile.go?pId=04aee	24
Peter Solomon	HOU	SP,RP	The Wonder Bats	https://www.fantrax.com/newui/playerProfile.go?pId=03dt9	24
Nick Fortes	MIA	C	The Wonder Bats	https://www.fantrax.com/newui/playerProfile.go?pId=04pqf	24
Devin Smeltzer	MIN	RP	The Wonder Bats	https://www.fantrax.com/newui/playerProfile.go?pId=041ry	24
Bryan Abreu	HOU	RP	The Wonder Bats	https://www.fantrax.com/newui/playerProfile.go?pId=04tlv	24
Christian Yelich	MIL	OF	Backyard Baseball	https://www.fantrax.com/newui/playerProfile.go?pId=025dn	1
Stephen Strasburg	WSH	SP	Backyard Baseball	https://www.fantrax.com/newui/playerProfile.go?pId=01cdo	1
Justin Turner	LAD	3B	Backyard Baseball	https://www.fantrax.com/newui/playerProfile.go?pId=01lum	2
Mitch Haniger	SEA	OF	Backyard Baseball	https://www.fantrax.com/newui/playerProfile.go?pId=02mwj	3
Cristian Javier	HOU	SP,RP	Backyard Baseball	https://www.fantrax.com/newui/playerProfile.go?pId=045kb	3
Mike Minor	KC	SP	Backyard Baseball	https://www.fantrax.com/newui/playerProfile.go?pId=01sej	4
Austin Nola	SD	C	Backyard Baseball	https://www.fantrax.com/newui/playerProfile.go?pId=02mzc	4
Jonathan Villar	NYM	2B,3B,SS	Backyard Baseball	https://www.fantrax.com/newui/playerProfile.go?pId=025gy	5
Mitch Moreland	OAK	1B	Backyard Baseball	https://www.fantrax.com/newui/playerProfile.go?pId=01scf	5
Jon Berti	MIA	2B,3B,OF	Backyard Baseball	https://www.fantrax.com/newui/playerProfile.go?pId=02c4r	6
Luis Castillo	CIN	SP	Backyard Baseball	https://www.fantrax.com/newui/playerProfile.go?pId=03nuc	7
Joey Wendle	TB	2B,3B,SS	Backyard Baseball	https://www.fantrax.com/newui/playerProfile.go?pId=02mzu	7
Jake Arrieta	CHC/SD	SP	Backyard Baseball	https://www.fantrax.com/newui/playerProfile.go?pId=01cfw	8
Eduardo Escobar	ARI/MIL	1B,2B,3B	Backyard Baseball	https://www.fantrax.com/newui/playerProfile.go?pId=021n3	10
Jesus Aguilar	MIA	1B	Backyard Baseball	https://www.fantrax.com/newui/playerProfile.go?pId=02jhn	12
Kevin Kiermaier	TB	CF,OF	Backyard Baseball	https://www.fantrax.com/newui/playerProfile.go?pId=0381o	17
Mike Tauchman	NYY/SF	CF,OF	Backyard Baseball	https://www.fantrax.com/newui/playerProfile.go?pId=0312v	17
Howie Kendrick	(N/A)	UT	Backyard Baseball	https://www.fantrax.com/newui/playerProfile.go?pId=000hs	17
Kyle Gibson	TEX/PHI	SP	Backyard Baseball	https://www.fantrax.com/newui/playerProfile.go?pId=01fha	24
Evan Longoria	SF	3B	Backyard Baseball	https://www.fantrax.com/newui/playerProfile.go?pId=004e1	24
John Gant	STL/MIN	SP,RP	Backyard Baseball	https://www.fantrax.com/newui/playerProfile.go?pId=03c8u	24
Brady Singer	KC	SP	Backyard Baseball	https://www.fantrax.com/newui/playerProfile.go?pId=03pov	24
Kyle Lewis	SEA	CF,OF	Backyard Baseball	https://www.fantrax.com/newui/playerProfile.go?pId=03z61	24
Bryce Harper	PHI	OF	Tom Henky-Pankies	https://www.fantrax.com/newui/playerProfile.go?pId=01fh9	1
J.T. Realmuto	PHI	C,1B	Tom Henky-Pankies	https://www.fantrax.com/newui/playerProfile.go?pId=025i9	1
Ian Happ	CHC	CF,OF	Tom Henky-Pankies	https://www.fantrax.com/newui/playerProfile.go?pId=03nmw	1
Carlos Carrasco	NYM	SP	Tom Henky-Pankies	https://www.fantrax.com/newui/playerProfile.go?pId=01as6	1
Josh Donaldson	MIN	3B	Tom Henky-Pankies	https://www.fantrax.com/newui/playerProfile.go?pId=01sjg	2
Byron Buxton	MIN	CF,OF	Tom Henky-Pankies	https://www.fantrax.com/newui/playerProfile.go?pId=02i2k	2
Dansby Swanson	ATL	SS	Tom Henky-Pankies	https://www.fantrax.com/newui/playerProfile.go?pId=03ae8	3
Jesse Winker	CIN	OF	Tom Henky-Pankies	https://www.fantrax.com/newui/playerProfile.go?pId=02mwg	4
Jared Walsh	LAA	1B,OF	Tom Henky-Pankies	https://www.fantrax.com/newui/playerProfile.go?pId=04p9n	4
Hyun Jin Ryu	TOR	SP	Tom Henky-Pankies	https://www.fantrax.com/newui/playerProfile.go?pId=02xik	5
Taijuan Walker	NYM	SP	Tom Henky-Pankies	https://www.fantrax.com/newui/playerProfile.go?pId=025dq	5
Brandon Woodruff	MIL	SP	Tom Henky-Pankies	https://www.fantrax.com/newui/playerProfile.go?pId=02bu3	6
Jordan Montgomery	NYY	SP	Tom Henky-Pankies	https://www.fantrax.com/newui/playerProfile.go?pId=03dbo	7
Nathan Eovaldi	BOS	SP	Tom Henky-Pankies	https://www.fantrax.com/newui/playerProfile.go?pId=01ut7	8
Rowdy Tellez	TOR/MIL	1B	Tom Henky-Pankies	https://www.fantrax.com/newui/playerProfile.go?pId=032gq	8
Alejandro Kirk	TOR	C	Tom Henky-Pankies	https://www.fantrax.com/newui/playerProfile.go?pId=04t3y	8
Sandy Alcantara	MIA	SP	Tom Henky-Pankies	https://www.fantrax.com/newui/playerProfile.go?pId=03btv	9
Freddy Peralta	MIL	SP,RP	Tom Henky-Pankies	https://www.fantrax.com/newui/playerProfile.go?pId=03dc4	10
Josh Rojas	ARI	2B,3B,SS,OF	Tom Henky-Pankies	https://www.fantrax.com/newui/playerProfile.go?pId=04oct	17
Eloy Jimenez	CHW	OF	Tom Henky-Pankies	https://www.fantrax.com/newui/playerProfile.go?pId=030ud	17
Elieser Hernandez	MIA	SP	Tom Henky-Pankies	https://www.fantrax.com/newui/playerProfile.go?pId=03yx9	17
Luis Garcia	HOU	SP,RP	Tom Henky-Pankies	https://www.fantrax.com/newui/playerProfile.go?pId=04ni3	24
Nicky Lopez	KC	2B,SS	Tom Henky-Pankies	https://www.fantrax.com/newui/playerProfile.go?pId=041sg	24
Adolis Garcia	TEX	CF,OF	Tom Henky-Pankies	https://www.fantrax.com/newui/playerProfile.go?pId=04aq4	24
James Kaprielian	OAK	SP,RP	Tom Henky-Pankies	https://www.fantrax.com/newui/playerProfile.go?pId=03adt	24
Tylor Megill	NYM	SP,RP	Tom Henky-Pankies	https://www.fantrax.com/newui/playerProfile.go?pId=04ywk	24